<?xml version="1.0" encoding="utf-8"?>
<databaseChangeLog
    xmlns="http://www.liquibase.org/xml/ns/dbchangelog"
    xmlns:xsi="http://www.w3.org/2001/XMLSchema-instance"
    xsi:schemaLocation="http://www.liquibase.org/xml/ns/dbchangelog http://www.liquibase.org/xml/ns/dbchangelog/dbchangelog-3.6.xsd">

    <property name="now" value="now()" dbms="h2"/>
    <property name="now" value="now()" dbms="mysql"/>

    <property name="floatType" value="float4" dbms="postgresql, h2"/>
    <property name="floatType" value="float" dbms="mysql, oracle, mssql, mariadb"/>
    <property name="clobType" value="clob" dbms="h2"/>
    <property name="clobType" value="clob" dbms="mysql, oracle, mssql, mariadb, postgresql"/>
    <property name="uuidType" value="varchar(36)" dbms="h2, mysql, mariadb"/>

    <include file="config/liquibase/changelog/00000000000000_initial_schema.xml" relativeToChangelogFile="false"/>
    <include file="config/liquibase/changelog/20200210015208_added_entity_Producto.xml" relativeToChangelogFile="false"/>
    <include file="config/liquibase/changelog/20200210015209_added_entity_Imagen.xml" relativeToChangelogFile="false"/>
    <include file="config/liquibase/changelog/20200210015210_added_entity_Categoria.xml" relativeToChangelogFile="false"/>
    <include file="config/liquibase/changelog/20200210015211_added_entity_Subcategoria.xml" relativeToChangelogFile="false"/>
    <include file="config/liquibase/changelog/20200210015212_added_entity_Caracteristica.xml" relativeToChangelogFile="false"/>
    <include file="config/liquibase/changelog/20200210015213_added_entity_TipoMoneda.xml" relativeToChangelogFile="false"/>
    <include file="config/liquibase/changelog/20200210015214_added_entity_TipoDato.xml" relativeToChangelogFile="false"/>
    <include file="config/liquibase/changelog/20200210015215_added_entity_Valor.xml" relativeToChangelogFile="false"/>
    <!-- jhipster-needle-liquibase-add-changelog - JHipster will add liquibase changelogs here -->
    <include file="config/liquibase/changelog/20200210015208_added_entity_constraints_Producto.xml" relativeToChangelogFile="false"/>
    <include file="config/liquibase/changelog/20200210015209_added_entity_constraints_Imagen.xml" relativeToChangelogFile="false"/>
    <include file="config/liquibase/changelog/20200210015211_added_entity_constraints_Subcategoria.xml" relativeToChangelogFile="false"/>
    <include file="config/liquibase/changelog/20200210015212_added_entity_constraints_Caracteristica.xml" relativeToChangelogFile="false"/>
    <include file="config/liquibase/changelog/20200210015215_added_entity_constraints_Valor.xml" relativeToChangelogFile="false"/>
    <!-- jhipster-needle-liquibase-add-constraints-changelog - JHipster will add liquibase constraints changelogs here -->
</databaseChangeLog>
